preh149MU5,a.a.seq,N120-NAIL107
1,Q,0
2,V,0
3,Q,0
4,L,0
5,V,0
6,E,0
7,S,0
8,G,0
9,G,0
10,G,0
11,V,0
12,V,0
13,Q,0
14,P,0
15,G,0
16,R,0
17,S,0
18,L,0
19,R,0
20,L,0
21,S,0
22,C,0
23,A,0
24,A,0
25,S,0
26,G,0
27,F,-1
28,T,3.6
29,F,0
30,S,8.7
31,S,3.7
32,Y,-2.2
33,G,-5.7
34,M,0
35,H,-8
36,W,0
37,V,0
38,R,0
39,Q,0
40,A,0
41,P,0
42,G,0
43,K,0
44,G,0
45,L,0
46,E,0
47,W,-7
48,V,0
49,A,0
50,V,-3.5
51,I,4.4
52,S,5.39999999999999
53,Y,-15.7
54,D,-4.9
55,G,9.4
56,S,-6.5
57,N,-7.5
58,K,4.6
59,Y,-9.3
60,Y,0
61,A,0
62,D,0
63,S,0
64,V,0
65,K,0
66,G,0
67,R,0
68,F,0
69,T,0
70,I,0
71,S,0
72,R,0
73,D,0
74,N,0
75,S,0
76,K,0
77,N,0
78,T,0
79,L,0
80,Y,0
81,L,0
82,Q,0
83,M,0
84,N,0
85,S,0
86,L,0
87,R,0
88,A,0
89,E,0
90,D,0
91,T,0
92,A,0
93,V,0
94,Y,0
95,Y,0
96,C,0
97,A,0
98,K,-5.2
99,G,-12.3
100,A,-1.1
101,P,0.400000000000006
102,N,3.89999999999999
103,I,2.89999999999999
104,V,6.9
105,V,0
106,V,0
107,P,0
108,A,0
109,A,0
110,K,0
111,S,0
112,A,0
113,H,0
114,Y,-0.5
115,Y,9.69999999999999
116,Y,1
117,G,-1
118,M,-3.5
119,D,13.3
120,V,0
121,W,-3.8
122,G,0
123,Q,0
124,G,0
125,T,0
126,T,0
127,V,0
128,T,0
129,V,0
130,S,0
131,S,0
