naih111,a.a.seq,cont_all_dif
1,Q,0
2,V,0
3,Q,0
4,L,0
5,V,0
6,E,0
7,S,0
8,G,0
9,G,0
10,G,0
11,V,0
12,V,0
13,Q,0
14,P,0
15,G,0
16,R,0
17,S,0
18,L,0
19,R,0
20,L,0
21,S,0
22,C,0
23,A,0
24,A,0
25,S,0
26,G,0
27,F,0.329999999999998
28,T,1.26
29,F,0
30,S,6.3
31,S,8.5
32,Y,3.6
33,G,0
34,M,0
35,H,-6.4
36,W,0
37,V,0
38,R,0
39,Q,0
40,A,0
41,P,0
42,G,0
43,K,0
44,G,0
45,L,0
46,E,0
47,W,0
48,V,0
49,A,0
50,V,0
51,I,0
52,S,2.60000000000001
53,Y,0
54,D,-1.9
55,G,0.100000000000001
56,S,0
57,N,10.8
58,K,1.4
59,Y,0
60,Y,0
61,A,0
62,D,0
63,S,0
64,V,0
65,K,0
66,G,0
67,R,0
68,F,0
69,T,0
70,I,0
71,S,0
72,R,0
73,D,0
74,N,0
75,S,0
76,K,0
77,N,0
78,T,0
79,L,0
80,Y,0
81,L,0
82,Q,0
83,M,0
84,N,0
85,S,0
86,L,0
87,R,0
88,A,0
89,E,0
90,D,0
91,T,0
92,A,0
93,V,0
94,Y,0
95,Y,0
96,C,0
97,A,-0.1
98,K,0
99,T,0
100,L,0
101,L,3.5
102,D,1.8
103,V,2.60000000000001
104,V,2.4
105,V,0
106,V,0
107,P,0
108,A,0
109,A,0
110,T,0
111,P,0
112,Q,0
113,N,0
114,Y,0
115,Y,0
116,Y,0
117,Y,0
118,G,0
119,M,0
120,D,0
121,V,0
122,W,-0.2
123,G,0
124,Q,0
125,G,0
126,T,0
127,T,0
128,V,0
129,T,0
130,V,0
131,S,0
132,S,0
